Year,Food_Item,H-statistic,p-value,Result
2007,beans,,,Not Significant
2007,c_beans,1077.3680292468844,2.4911170570711554e-218,Significant
2007,c_cabbage,1105.7620415779406,2.0667493558631415e-224,Significant
2007,c_carrots,1093.290901426528,9.693593141870795e-222,Significant
2007,c_eggs,905.1016193472142,1.7267639755024685e-181,Significant
2007,c_garlic,393.7197141734458,3.807276552537963e-73,Significant
2007,c_meat_beef_chops,1124.8391523086048,1.6918448957065365e-228,Significant
2007,c_meat_chicken_whole,728.6191609679432,7.164790643340987e-144,Significant
2007,c_meat_pork,1015.9915304180687,3.4154323450770896e-205,Significant
2007,c_onions,858.5451270316736,1.497046983814526e-171,Significant
2007,c_potatoes,1012.3262942431897,2.0777500516262764e-204,Significant
2007,c_rice,585.3197481226229,1.8247207174797086e-113,Significant
2007,c_tomatoes,1049.3883244600408,2.4353636034197497e-212,Significant
2007,cabbage,,,Not Significant
2007,carrots,,,Not Significant
2007,eggs,,,Not Significant
2007,garlic,,,Not Significant
2007,h_beans,1080.069499689433,6.575354029520372e-219,Significant
2007,h_cabbage,1117.6282946543834,5.932918086246849e-227,Significant
2007,h_carrots,1111.6203660443466,1.1490755654302639e-225,Significant
2007,h_eggs,912.1652901944818,5.353544692051439e-183,Significant
2007,h_garlic,389.2976269211295,3.1934582701110294e-72,Significant
2007,h_meat_beef_chops,1129.3954215284034,1.7869921708168853e-229,Significant
2007,h_meat_chicken_whole,763.8804671510848,2.2481507613799506e-151,Significant
2007,h_meat_pork,1021.4676600705204,2.3003477640795052e-206,Significant
2007,h_onions,853.0136335980278,2.2666274596085423e-170,Significant
2007,h_potatoes,1027.7683203637957,1.0318403851732559e-207,Significant
2007,h_rice,515.1680809531061,1.202685219091338e-98,Significant
2007,h_tomatoes,1060.8422159486418,8.603484757712022e-215,Significant
2007,l_beans,1072.6217654148927,2.586295678614928e-217,Significant
2007,l_cabbage,1102.43980672928,1.0639444167416083e-223,Significant
2007,l_carrots,1092.5194714261747,1.4180900974554554e-221,Significant
2007,l_eggs,917.966975610795,3.086221779576302e-184,Significant
2007,l_garlic,384.63841659301096,2.9990674382725544e-71,Significant
2007,l_meat_beef_chops,1126.5653982982676,7.219330216387419e-229,Significant
2007,l_meat_chicken_whole,736.2248446333704,1.727351121305695e-145,Significant
2007,l_meat_pork,1001.9304614431755,3.4790861940689683e-202,Significant
2007,l_onions,859.1573732480877,1.1081647509450346e-171,Significant
2007,l_potatoes,1025.320116603999,3.447310447195459e-207,Significant
2007,l_rice,558.94967073497,6.882840318486107e-108,Significant
2007,l_tomatoes,1039.0451093638824,3.984402395247371e-210,Significant
2007,meat_beef_chops,,,Not Significant
2007,meat_chicken_whole,,,Not Significant
2007,meat_pork,,,Not Significant
2007,o_beans,1076.64240523351,3.5626321729453437e-218,Significant
2007,o_cabbage,1114.1306910865474,3.330983030895542e-226,Significant
2007,o_carrots,1106.382535808827,1.5218544599433776e-224,Significant
2007,o_eggs,920.5487336878565,8.668287389752879e-185,Significant
2007,o_garlic,386.6710706946059,1.1289561156008284e-71,Significant
2007,o_meat_beef_chops,1128.6845036336208,2.537752269263742e-229,Significant
2007,o_meat_chicken_whole,750.9056592893563,1.2990278655746673e-148,Significant
2007,o_meat_pork,1005.8848984414059,4.96106101511023e-203,Significant
2007,o_onions,849.7344875183928,1.1348071622172242e-169,Significant
2007,o_potatoes,1028.9821269908643,5.673809323506064e-208,Significant
2007,o_rice,530.8121910934,6.027477088605682e-102,Significant
2007,o_tomatoes,1058.0172126474595,3.4629576272315184e-214,Significant
2007,onions,,,Not Significant
2007,potatoes,,,Not Significant
2007,rice,,,Not Significant
2007,tomatoes,,,Not Significant
2008,beans,,,Not Significant
2008,c_beans,1042.2410376973532,8.248215394847376e-211,Significant
2008,c_cabbage,907.8821220119167,4.3997003734904826e-182,Significant
2008,c_carrots,866.0257122260131,3.79348221337146e-173,Significant
2008,c_eggs,732.512332148413,1.0644408397968154e-144,Significant
2008,c_garlic,255.3713473207175,1.666313207836154e-44,Significant
2008,c_meat_beef_chops,1056.1996624132448,8.482689809380547e-214,Significant
2008,c_meat_chicken_whole,534.8618921085766,8.421996590309892e-103,Significant
2008,c_meat_pork,803.9935661499603,6.421683756164748e-160,Significant
2008,c_onions,505.0474649761864,1.6347415564490454e-96,Significant
2008,c_potatoes,825.4036407151444,1.753479983941203e-164,Significant
2008,c_rice,221.7023918142759,1.1924008346246444e-37,Significant
2008,c_tomatoes,794.1381365575103,8.084558384526769e-158,Significant
2008,cabbage,,,Not Significant
2008,carrots,,,Not Significant
2008,eggs,,,Not Significant
2008,garlic,,,Not Significant
2008,h_beans,1044.6928735060992,2.463708142833182e-211,Significant
2008,h_cabbage,934.8605193963394,7.591177549068739e-188,Significant
2008,h_carrots,860.8980079130704,4.712020255776692e-172,Significant
2008,h_eggs,732.8505109135104,9.019577296164579e-145,Significant
2008,h_garlic,243.05029093981756,5.46413688758748e-42,Significant
2008,h_meat_beef_chops,1068.0288474413717,2.4892405167203924e-216,Significant
2008,h_meat_chicken_whole,515.4310107459385,1.0585536742386651e-98,Significant
2008,h_meat_pork,786.4177359950748,3.5676397763866205e-156,Significant
2008,h_onions,527.169336619513,3.5385664032817864e-101,Significant
2008,h_potatoes,820.9623353191848,1.551628299004574e-163,Significant
2008,h_rice,178.9073572988302,4.76552647755398e-29,Significant
2008,h_tomatoes,804.8019889312114,4.318842772686962e-160,Significant
2008,l_beans,1040.5541393646238,1.8940846837402104e-210,Significant
2008,l_cabbage,909.9284785392553,1.6083462299336507e-182,Significant
2008,l_carrots,915.0019176393291,1.3266814737547755e-183,Significant
2008,l_eggs,722.4602139480878,1.4622759867959688e-142,Significant
2008,l_garlic,244.1477169695399,3.26412211759523e-42,Significant
2008,l_meat_beef_chops,1046.8324778879182,8.582846801484413e-212,Significant
2008,l_meat_chicken_whole,473.56622626909956,6.9303342472392605e-90,Significant
2008,l_meat_pork,765.8776419248557,8.4455274381458e-152,Significant
2008,l_onions,440.67939229288817,5.606040731510308e-83,Significant
2008,l_potatoes,833.2382975793837,3.743887674510788e-166,Significant
2008,l_rice,205.32978750423243,2.422519892094417e-34,Significant
2008,l_tomatoes,803.214052149142,9.413836129885715e-160,Significant
2008,meat_beef_chops,,,Not Significant
2008,meat_chicken_whole,,,Not Significant
2008,meat_pork,,,Not Significant
2008,o_beans,1039.6065745403682,3.021334205426039e-210,Significant
2008,o_cabbage,920.638848757193,8.292456527407347e-185,Significant
2008,o_carrots,894.9028998130009,2.6003339338112057e-179,Significant
2008,o_eggs,708.3580318835043,1.4563079700255097e-139,Significant
2008,o_garlic,229.386897970653,3.29386647346871e-39,Significant
2008,o_meat_beef_chops,1056.007239792,9.32664181048641e-214,Significant
2008,o_meat_chicken_whole,478.7859660903324,5.531638339998498e-91,Significant
2008,o_meat_pork,763.301328565403,2.9862072242398964e-151,Significant
2008,o_onions,452.57039621374184,1.7901315690602176e-85,Significant
2008,o_potatoes,824.7522478096856,2.414258449335374e-164,Significant
2008,o_rice,171.04473364893852,1.7412134247599637e-27,Significant
2008,o_tomatoes,806.5793689279599,1.8054341826866237e-160,Significant
2008,onions,,,Not Significant
2008,potatoes,,,Not Significant
2008,rice,,,Not Significant
2008,tomatoes,,,Not Significant
2009,beans,,,Not Significant
2009,c_beans,1067.8453830312308,2.724878511238272e-216,Significant
2009,c_cabbage,822.1725674147264,8.565947596579217e-164,Significant
2009,c_carrots,773.8550492451352,1.6905092823024657e-153,Significant
2009,c_eggs,563.9673424558616,5.9868415236256185e-109,Significant
2009,c_garlic,362.2759369639679,1.3769399343910735e-66,Significant
2009,c_meat_beef_chops,1084.0039410107856,9.449038981102679e-220,Significant
2009,c_meat_chicken_whole,812.5204345399127,9.780018191408741e-162,Significant
2009,c_meat_pork,1029.4823644549574,4.434345647008827e-208,Significant
2009,c_onions,321.9188305498214,3.3111538525585036e-58,Significant
2009,c_potatoes,836.6974276687833,6.849258943022626e-167,Significant
2009,c_rice,845.8516491444258,7.641656746687948e-169,Significant
2009,c_tomatoes,728.2169938434763,8.72448219371075e-144,Significant
2009,cabbage,,,Not Significant
2009,carrots,,,Not Significant
2009,eggs,,,Not Significant
2009,garlic,,,Not Significant
2009,h_beans,1076.8361674266923,3.238031755795583e-218,Significant
2009,h_cabbage,838.66180975893,2.6103768247018264e-167,Significant
2009,h_carrots,746.6034460959596,1.0694673222094827e-147,Significant
2009,h_eggs,570.7165290741684,2.2399583384875442e-110,Significant
2009,h_garlic,362.3179410323167,1.3494892025784077e-66,Significant
2009,h_meat_beef_chops,1088.5036209464797,1.0274532942905475e-220,Significant
2009,h_meat_chicken_whole,806.4778024229711,1.897699296186093e-160,Significant
2009,h_meat_pork,1012.3283958168963,2.0756001778878813e-204,Significant
2009,h_onions,342.4906160500096,1.7921880563012793e-62,Significant
2009,h_potatoes,852.3128704888508,3.197999107295603e-170,Significant
2009,h_rice,737.1356878655562,1.1056297051167672e-145,Significant
2009,h_tomatoes,752.2233984279685,6.810368062907478e-149,Significant
2009,l_beans,1065.9496215519803,6.937927734208355e-216,Significant
2009,l_cabbage,876.2888120487345,2.4474770353484e-175,Significant
2009,l_carrots,857.9902970942812,1.966140538193436e-171,Significant
2009,l_eggs,509.3298358263622,2.0461391739272253e-97,Significant
2009,l_garlic,369.1613543584751,5.066937208433357e-68,Significant
2009,l_meat_beef_chops,1081.2817033502215,3.6169230609026874e-219,Significant
2009,l_meat_chicken_whole,792.4586543288104,1.842778189150363e-157,Significant
2009,l_meat_pork,1002.2593606189353,2.9587790596657076e-202,Significant
2009,l_onions,431.45650365408244,4.817394781650425e-81,Significant
2009,l_potatoes,916.6360792076433,5.938984820132696e-184,Significant
2009,l_rice,796.9569530126962,2.028008418307861e-158,Significant
2009,l_tomatoes,756.9208532445524,6.813243883599366e-150,Significant
2009,meat_beef_chops,,,Not Significant
2009,meat_chicken_whole,,,Not Significant
2009,meat_pork,,,Not Significant
2009,o_beans,1071.6900680597507,4.0941949936922564e-217,Significant
2009,o_cabbage,866.8331106248894,2.5511847617963036e-173,Significant
2009,o_carrots,811.7584790134897,1.4215033669591864e-161,Significant
2009,o_eggs,501.7586434045598,8.061466442924387e-96,Significant
2009,o_garlic,367.69637575966965,1.0232515580078773e-67,Significant
2009,o_meat_beef_chops,1085.5854824945739,4.33211692399257e-220,Significant
2009,o_meat_chicken_whole,794.2122256865297,7.795987660086529e-158,Significant
2009,o_meat_pork,999.925826697123,9.338041735885622e-202,Significant
2009,o_onions,402.56889154413676,5.383490361218157e-75,Significant
2009,o_potatoes,896.9952471516319,9.295466297093773e-180,Significant
2009,o_rice,746.4905847723428,1.1302745930478288e-147,Significant
2009,o_tomatoes,768.4954060436237,2.340298533648044e-152,Significant
2009,onions,,,Not Significant
2009,potatoes,,,Not Significant
2009,rice,,,Not Significant
2009,tomatoes,,,Not Significant
2010,beans,,,Not Significant
2010,c_beans,1069.3338761491575,1.3081378855931946e-216,Significant
2010,c_cabbage,856.5614999585997,3.9669620412768546e-171,Significant
2010,c_carrots,834.1681582259007,2.3715385771299244e-166,Significant
2010,c_eggs,688.2112656824773,2.7820093292025405e-135,Significant
2010,c_garlic,409.4373643653828,1.969788265122836e-76,Significant
2010,c_meat_beef_chops,1087.8982993288819,1.384833370293845e-220,Significant
2010,c_meat_chicken_whole,679.8587395583426,1.6536042094259734e-133,Significant
2010,c_meat_pork,1018.0698947188308,1.226811075422652e-205,Significant
2010,c_onions,176.7714282966346,1.2684376663997097e-28,Significant
2010,c_potatoes,850.4687664375781,7.911924776152313e-170,Significant
2010,c_rice,940.6489948370098,4.399670113290937e-189,Significant
2010,c_tomatoes,682.2950159662875,5.023627769273578e-134,Significant
2010,cabbage,,,Not Significant
2010,carrots,,,Not Significant
2010,eggs,,,Not Significant
2010,garlic,,,Not Significant
2010,h_beans,1080.1143571784878,6.431517914909841e-219,Significant
2010,h_cabbage,828.7343029205701,3.417760097765121e-165,Significant
2010,h_carrots,797.6433447246856,1.4481670770574435e-158,Significant
2010,h_eggs,666.5503936751911,1.1068885958065094e-130,Significant
2010,h_garlic,416.0352777654405,8.194299640328468e-78,Significant
2010,h_meat_beef_chops,1083.0487554399851,1.5133434623446558e-219,Significant
2010,h_meat_chicken_whole,662.2724484220163,8.956531314290347e-130,Significant
2010,h_meat_pork,1008.4131848605258,1.4279876036748075e-203,Significant
2010,h_onions,152.64127624173682,7.434402498947362e-24,Significant
2010,h_potatoes,780.9007584450122,5.339565153667399e-155,Significant
2010,h_rice,954.493418550834,4.8376021289272924e-192,Significant
2010,h_tomatoes,676.9737688537267,6.777744187193686e-133,Significant
2010,l_beans,1058.0971521883653,3.3291560228020024e-214,Significant
2010,l_cabbage,880.532548572448,3.040204319627019e-176,Significant
2010,l_carrots,866.4962611284493,3.0104042576064887e-173,Significant
2010,l_eggs,668.3867059226252,4.511153264635623e-131,Significant
2010,l_garlic,397.74743982548864,5.482572336662504e-74,Significant
2010,l_meat_beef_chops,1089.951270480126,5.031876649264802e-221,Significant
2010,l_meat_chicken_whole,701.6560804557216,3.869801963994636e-138,Significant
2010,l_meat_pork,1022.0522302324197,1.7247078067565956e-206,Significant
2010,l_onions,168.5991612665777,5.315983226443277e-27,Significant
2010,l_potatoes,880.0844760615519,3.789190089694273e-176,Significant
2010,l_rice,917.9600922334739,3.0966881181235736e-184,Significant
2010,l_tomatoes,685.1149684932211,1.2649315772597521e-134,Significant
2010,meat_beef_chops,,,Not Significant
2010,meat_chicken_whole,,,Not Significant
2010,meat_pork,,,Not Significant
2010,o_beans,1066.5123259234254,5.25721583249691e-216,Significant
2010,o_cabbage,846.9858710116335,4.377726932284605e-169,Significant
2010,o_carrots,821.2592193272749,1.3412042789577056e-163,Significant
2010,o_eggs,619.9354464207992,8.531193423958821e-121,Significant
2010,o_garlic,399.70824296429026,2.1337160303425923e-74,Significant
2010,o_meat_beef_chops,1080.371712179256,5.6650545349191805e-219,Significant
2010,o_meat_chicken_whole,665.2713440540701,2.0682775640170588e-130,Significant
2010,o_meat_pork,1006.154817110881,4.3434481157806956e-203,Significant
2010,o_onions,150.16004594272513,2.2772721501663818e-23,Significant
2010,o_potatoes,808.7031998758805,6.36709779572457e-161,Significant
2010,o_rice,930.3102349557716,7.120864086622588e-187,Significant
2010,o_tomatoes,670.0238257810959,2.026448799723769e-131,Significant
2010,onions,,,Not Significant
2010,potatoes,,,Not Significant
2010,rice,,,Not Significant
2010,tomatoes,,,Not Significant
2011,beans,,,Not Significant
2011,c_beans,1058.965016123803,2.1704275726498556e-214,Significant
2011,c_cabbage,960.5033432713907,2.511845640056404e-193,Significant
2011,c_carrots,971.8201153155037,9.564444718442458e-196,Significant
2011,c_eggs,762.7187361101411,3.973268136564735e-151,Significant
2011,c_garlic,440.9214626366052,4.987371875750642e-83,Significant
2011,c_meat_beef_chops,1042.3618230228924,7.77156560553116e-211,Significant
2011,c_meat_chicken_whole,759.8655290627559,1.608936536920486e-150,Significant
2011,c_meat_pork,925.0699531122123,9.377485507927454e-186,Significant
2011,c_onions,551.553802564166,2.514972908938244e-106,Significant
2011,c_potatoes,1083.646717101823,1.1269023043616829e-219,Significant
2011,c_rice,1108.8219418840233,4.569024491885661e-225,Significant
2011,c_tomatoes,904.0127875010434,2.94956400440741e-181,Significant
2011,cabbage,,,Not Significant
2011,carrots,,,Not Significant
2011,eggs,,,Not Significant
2011,garlic,,,Not Significant
2011,h_beans,1062.6364172282179,3.552730951724603e-215,Significant
2011,h_cabbage,911.6520302530973,6.890729321033199e-183,Significant
2011,h_carrots,932.924693682745,1.9675748513306787e-187,Significant
2011,h_eggs,798.4706713364271,9.650172344875957e-159,Significant
2011,h_garlic,441.19128993539397,4.377870523824431e-83,Significant
2011,h_meat_beef_chops,1044.5319913333383,2.6670042168159277e-211,Significant
2011,h_meat_chicken_whole,777.1458095935686,3.366848241544581e-154,Significant
2011,h_meat_pork,916.1030453851791,7.719133840673285e-184,Significant
2011,h_onions,534.3046363258841,1.1041783612158631e-102,Significant
2011,h_potatoes,1063.4775949208697,2.3467961938570335e-215,Significant
2011,h_rice,1090.2949427452481,4.2474420947802704e-221,Significant
2011,h_tomatoes,893.6323325524579,4.856372192353537e-179,Significant
2011,l_beans,1049.9660938867967,1.8318595544621805e-212,Significant
2011,l_cabbage,977.7645910518952,5.1245436965476325e-197,Significant
2011,l_carrots,985.997159979855,8.896711427705397e-199,Significant
2011,l_eggs,734.978229982135,3.1810818293238517e-145,Significant
2011,l_garlic,427.6000447572678,3.0983235928011056e-80,Significant
2011,l_meat_beef_chops,1038.7068673465776,4.7070962604861826e-210,Significant
2011,l_meat_chicken_whole,743.584941108084,4.693188142523745e-147,Significant
2011,l_meat_pork,919.2687817806965,1.6268565125086046e-184,Significant
2011,l_onions,489.31139217906133,3.3714481986881826e-93,Significant
2011,l_potatoes,1065.4395613650913,8.92137783596356e-216,Significant
2011,l_rice,1035.9436064784163,1.837078848240571e-209,Significant
2011,l_tomatoes,889.1843497076775,4.3247709351289844e-178,Significant
2011,meat_beef_chops,,,Not Significant
2011,meat_chicken_whole,,,Not Significant
2011,meat_pork,,,Not Significant
2011,o_beans,1056.2139242200792,8.423267088273717e-214,Significant
2011,o_cabbage,956.2266816487233,2.061359451767776e-192,Significant
2011,o_carrots,965.1863686563875,2.5055083901663367e-194,Significant
2011,o_eggs,746.8715855559911,9.37795617267916e-148,Significant
2011,o_garlic,429.0830321835939,1.5146877469836399e-80,Significant
2011,o_meat_beef_chops,1041.8226293415967,1.0137033447691518e-210,Significant
2011,o_meat_chicken_whole,751.1181904974607,1.1705424778883857e-148,Significant
2011,o_meat_pork,908.4610937579395,3.309579899455908e-182,Significant
2011,o_onions,488.10375663415897,6.0539116785544926e-93,Significant
2011,o_potatoes,1061.3153907268754,6.81358284882376e-215,Significant
2011,o_rice,1036.8505515586269,1.1749840743934927e-209,Significant
2011,o_tomatoes,892.6316485917956,7.942670615639328e-179,Significant
2011,onions,,,Not Significant
2011,potatoes,,,Not Significant
2011,rice,,,Not Significant
2011,tomatoes,,,Not Significant
2012,beans,,,Not Significant
2012,c_beans,1009.2532122484854,9.441077423728216e-204,Significant
2012,c_cabbage,845.7064377460646,8.206574029075985e-169,Significant
2012,c_carrots,892.3887108506674,8.950251209062436e-179,Significant
2012,c_eggs,678.862868953383,2.691049508202824e-133,Significant
2012,c_garlic,445.7236765958917,4.900095453819099e-84,Significant
2012,c_meat_beef_chops,1065.859434802339,7.253347826284273e-216,Significant
2012,c_meat_chicken_whole,718.0103757415809,1.2919094241663057e-141,Significant
2012,c_meat_pork,895.0577529315885,2.4097139755829626e-179,Significant
2012,c_onions,277.40834475758714,5.0579713453058476e-49,Significant
2012,c_potatoes,981.9010816700279,6.685748528756663e-198,Significant
2012,c_rice,1040.917809696014,1.5833078233857343e-210,Significant
2012,c_tomatoes,796.5286994486146,2.502174086367931e-158,Significant
2012,cabbage,,,Not Significant
2012,carrots,,,Not Significant
2012,eggs,,,Not Significant
2012,garlic,,,Not Significant
2012,h_beans,1030.8224008799896,2.2912529544725595e-208,Significant
2012,h_cabbage,815.0208695869982,2.866556057374976e-162,Significant
2012,h_carrots,869.0066970252892,8.767823967530923e-174,Significant
2012,h_eggs,772.3789884626921,3.486082263749644e-153,Significant
2012,h_garlic,449.5947727337908,7.544741000055221e-85,Significant
2012,h_meat_beef_chops,1060.6569374816402,9.426256580283781e-215,Significant
2012,h_meat_chicken_whole,722.9753500705013,1.1362766920941868e-142,Significant
2012,h_meat_pork,883.4892233908356,7.10825075563416e-177,Significant
2012,h_onions,296.3599807662582,6.344108168380466e-53,Significant
2012,h_potatoes,984.4083837191002,1.9452972208316862e-198,Significant
2012,h_rice,1051.1535114739127,1.0202865659332229e-212,Significant
2012,h_tomatoes,803.2300027151533,9.340444232712421e-160,Significant
2012,l_beans,1003.2052735566504,1.8568490344432315e-202,Significant
2012,l_cabbage,885.1257030886641,3.1799449715296903e-177,Significant
2012,l_carrots,915.3766361655919,1.103388020259173e-183,Significant
2012,l_eggs,612.4287960118452,3.322827843266216e-119,Significant
2012,l_garlic,430.90172972291776,6.296641113708741e-81,Significant
2012,l_meat_beef_chops,1060.3442635117085,1.0997071122981251e-214,Significant
2012,l_meat_chicken_whole,722.0528884139046,1.7850368484795784e-142,Significant
2012,l_meat_pork,885.5812909143679,2.5419220925339023e-177,Significant
2012,l_onions,269.1826335320407,2.470986558226734e-47,Significant
2012,l_potatoes,981.0082879119484,1.0376738679654361e-197,Significant
2012,l_rice,1027.1699520405339,1.3856494704833988e-207,Significant
2012,l_tomatoes,794.7219110589659,6.071257858289986e-158,Significant
2012,meat_beef_chops,,,Not Significant
2012,meat_chicken_whole,,,Not Significant
2012,meat_pork,,,Not Significant
2012,o_beans,1017.647209355115,1.5108199697975411e-205,Significant
2012,o_cabbage,858.5324431686877,1.5064047926103418e-171,Significant
2012,o_carrots,902.1950557028285,7.209945527842544e-181,Significant
2012,o_eggs,685.0406316732373,1.311766945254808e-134,Significant
2012,o_garlic,433.94469433389526,1.4492720361275e-81,Significant
2012,o_meat_beef_chops,1057.939277171042,3.598580056903587e-214,Significant
2012,o_meat_chicken_whole,718.3083219293378,1.1165582527637373e-141,Significant
2012,o_meat_pork,882.6383526978507,1.0799302265182908e-176,Significant
2012,o_onions,253.75928497381707,3.55921367928409e-44,Significant
2012,o_potatoes,984.8290484356351,1.5813518923905342e-198,Significant
2012,o_rice,1034.768988503981,3.2772135396283476e-209,Significant
2012,o_tomatoes,796.696505416235,2.30442883897236e-158,Significant
2012,onions,,,Not Significant
2012,potatoes,,,Not Significant
2012,rice,,,Not Significant
2012,tomatoes,,,Not Significant
2013,beans,,,Not Significant
2013,c_beans,1026.666170665539,1.7760424951553543e-207,Significant
2013,c_cabbage,935.3574162424092,5.944788869888394e-188,Significant
2013,c_carrots,908.7925382584427,2.811810919242176e-182,Significant
2013,c_eggs,234.3637002994918,3.208393919166322e-40,Significant
2013,c_garlic,409.48223862531756,1.927659854552545e-76,Significant
2013,c_meat_beef_chops,1058.2063498309403,3.1546971476663904e-214,Significant
2013,c_meat_chicken_whole,548.3595205100847,1.1893627317926624e-105,Significant
2013,c_meat_pork,803.6167817028698,7.725803343197553e-160,Significant
2013,c_onions,525.6681380917133,7.337630750939509e-101,Significant
2013,c_potatoes,933.8558618864066,1.244437432052326e-187,Significant
2013,c_rice,389.32934977325255,3.1451164034654934e-72,Significant
2013,c_tomatoes,773.1732057872389,2.3616434199303981e-153,Significant
2013,cabbage,,,Not Significant
2013,carrots,,,Not Significant
2013,eggs,,,Not Significant
2013,garlic,,,Not Significant
2013,h_beans,1035.080418317132,2.810974212299875e-209,Significant
2013,h_cabbage,898.7076829910775,4.0051501130546495e-180,Significant
2013,h_carrots,884.7408962838134,3.842078272880927e-177,Significant
2013,h_eggs,274.1941706756932,2.3134074188274445e-48,Significant
2013,h_garlic,408.82660780250785,2.6436604266912484e-76,Significant
2013,h_meat_beef_chops,1056.1207013060698,8.819352920136428e-214,Significant
2013,h_meat_chicken_whole,556.1606120528443,2.674053748682375e-107,Significant
2013,h_meat_pork,777.1132109435167,3.4211016077977844e-154,Significant
2013,h_onions,452.48908839738885,1.8619076403144245e-85,Significant
2013,h_potatoes,939.6241175652317,7.284944145454775e-189,Significant
2013,h_rice,404.9037449685408,1.7490327004842817e-75,Significant
2013,h_tomatoes,758.4372767691417,3.240173682805052e-150,Significant
2013,l_beans,1001.803561259948,3.703475498265224e-202,Significant
2013,l_cabbage,962.5007722356816,9.397429251485266e-194,Significant
2013,l_carrots,936.1146326099591,4.095803271755387e-188,Significant
2013,l_eggs,307.44454684377075,3.2671563314031325e-55,Significant
2013,l_garlic,421.57618154729454,5.665038831469961e-79,Significant
2013,l_meat_beef_chops,1058.431624516498,2.8231366817363786e-214,Significant
2013,l_meat_chicken_whole,573.546497308998,5.646431833049129e-111,Significant
2013,l_meat_pork,805.1104488322652,3.7121985656218174e-160,Significant
2013,l_onions,558.7341090970239,7.644067166402904e-108,Significant
2013,l_potatoes,954.6155046964172,4.555490930925854e-192,Significant
2013,l_rice,439.06091131895346,1.2251127114398023e-82,Significant
2013,l_tomatoes,783.9080429044777,1.2217137967639593e-155,Significant
2013,meat_beef_chops,,,Not Significant
2013,meat_chicken_whole,,,Not Significant
2013,meat_pork,,,Not Significant
2013,o_beans,1017.6401720259475,1.516066925782298e-205,Significant
2013,o_cabbage,934.1121026517301,1.0970407946677532e-187,Significant
2013,o_carrots,919.6671645566392,1.3373641925387157e-184,Significant
2013,o_eggs,316.6793006039132,4.023695644199153e-57,Significant
2013,o_garlic,415.21201439564294,1.2186001876945643e-77,Significant
2013,o_meat_beef_chops,1057.0206945406005,5.659458467822788e-214,Significant
2013,o_meat_chicken_whole,568.0416252122237,8.2383561677317e-110,Significant
2013,o_meat_pork,789.7826853054879,6.847989165501793e-157,Significant
2013,o_onions,466.0073173773528,2.691342221179843e-88,Significant
2013,o_potatoes,954.2253601610839,5.519825497956132e-192,Significant
2013,o_rice,428.88142207606455,1.6694703599106523e-80,Significant
2013,o_tomatoes,772.2974613821035,3.6282573862808594e-153,Significant
2013,onions,,,Not Significant
2013,potatoes,,,Not Significant
2013,rice,,,Not Significant
2013,tomatoes,,,Not Significant
2014,beans,,,Not Significant
2014,c_beans,1034.9234652924122,3.037007066952948e-209,Significant
2014,c_cabbage,943.3387679347068,1.171180900531688e-189,Significant
2014,c_carrots,960.8899326130854,2.0766059592656626e-193,Significant
2014,c_eggs,463.4527039926856,9.26552875129161e-88,Significant
2014,c_garlic,439.76670411796636,8.712091871402408e-83,Significant
2014,c_meat_beef_chops,1050.2942855050833,1.5582684173244334e-212,Significant
2014,c_meat_chicken_whole,744.8007777867082,2.586779356310483e-147,Significant
2014,c_meat_pork,955.0350779216529,3.7055636823004865e-192,Significant
2014,c_onions,754.2882840749762,2.475661338207569e-149,Significant
2014,c_potatoes,1022.286095411339,1.5370079134823787e-206,Significant
2014,c_rice,187.05057408994318,1.1301378175026233e-30,Significant
2014,c_tomatoes,892.5808943246922,8.143346500728604e-179,Significant
2014,cabbage,,,Not Significant
2014,carrots,,,Not Significant
2014,eggs,,,Not Significant
2014,garlic,,,Not Significant
2014,h_beans,1057.9260554491188,3.6221097006052025e-214,Significant
2014,h_cabbage,939.0990453269975,9.432514113599922e-189,Significant
2014,h_carrots,984.762113106518,1.634340003225619e-198,Significant
2014,h_eggs,503.2471661842772,3.915567807983332e-96,Significant
2014,h_garlic,448.2763154546334,1.4269916252315315e-84,Significant
2014,h_meat_beef_chops,1053.6327756555095,3.006183618163032e-213,Significant
2014,h_meat_chicken_whole,742.2863781356725,8.866856351217867e-147,Significant
2014,h_meat_pork,932.5879905363456,2.322053370178927e-187,Significant
2014,h_onions,654.180511917984,4.670486453581802e-128,Significant
2014,h_potatoes,1009.0704237428583,1.0330581918017169e-203,Significant
2014,h_rice,187.76015223738446,8.151579122976036e-31,Significant
2014,h_tomatoes,878.9713438864534,6.54857997226959e-176,Significant
2014,l_beans,1031.4023167814903,1.7217663691139196e-208,Significant
2014,l_cabbage,980.2836004573903,1.4825955127323735e-197,Significant
2014,l_carrots,979.7410891425833,1.9365473724802703e-197,Significant
2014,l_eggs,459.05527114224753,7.777592936664807e-87,Significant
2014,l_garlic,446.78841515283534,2.9291074015258696e-84,Significant
2014,l_meat_beef_chops,1057.8495918715487,3.7612350514723706e-214,Significant
2014,l_meat_chicken_whole,751.5658775365222,9.399586263893744e-149,Significant
2014,l_meat_pork,960.3482668292515,2.711081335395483e-193,Significant
2014,l_onions,764.521744027513,1.6417232414667998e-151,Significant
2014,l_potatoes,1039.8137516836568,2.728089450162454e-210,Significant
2014,l_rice,176.9514467116286,1.1680302060123267e-28,Significant
2014,l_tomatoes,910.488662639165,1.2210608047983899e-182,Significant
2014,meat_beef_chops,,,Not Significant
2014,meat_chicken_whole,,,Not Significant
2014,meat_pork,,,Not Significant
2014,o_beans,1046.6325548743873,9.471596206591674e-212,Significant
2014,o_cabbage,969.6440350890549,2.7919210894272335e-195,Significant
2014,o_carrots,993.6084899536721,2.0962653023363988e-200,Significant
2014,o_eggs,489.5593204906049,2.9896656241608892e-93,Significant
2014,o_garlic,449.06102876758166,9.765486136525452e-85,Significant
2014,o_meat_beef_chops,1057.1232941520698,5.380358268265608e-214,Significant
2014,o_meat_chicken_whole,748.573263360297,4.073673742016149e-148,Significant
2014,o_meat_pork,943.7369695255233,9.627805262217101e-190,Significant
2014,o_onions,655.3088210705753,2.6912159515394404e-128,Significant
2014,o_potatoes,1029.7043965724074,3.974814994972812e-208,Significant
2014,o_rice,173.70210572516248,5.16898348743572e-28,Significant
2014,o_tomatoes,902.2321352440614,7.079683277836467e-181,Significant
2014,onions,,,Not Significant
2014,potatoes,,,Not Significant
2014,rice,,,Not Significant
2014,tomatoes,,,Not Significant
2015,beans,,,Not Significant
2015,c_beans,894.3089425779967,3.4821512304837736e-179,Significant
2015,c_cabbage,730.5359466560124,2.8022861826622614e-144,Significant
2015,c_carrots,734.6512217389782,3.733689996042116e-145,Significant
2015,c_eggs,660.4619215729102,2.1697085159214947e-129,Significant
2015,c_garlic,454.4549511438811,7.196695329320182e-86,Significant
2015,c_meat_beef_chops,949.5105118841451,5.61878101749125e-191,Significant
2015,c_meat_chicken_whole,605.6205123682983,9.196380097757336e-118,Significant
2015,c_meat_pork,795.5590494705075,4.026399704022073e-158,Significant
2015,c_onions,177.06425500359236,1.1091976547079904e-28,Significant
2015,c_potatoes,806.2501870646919,2.121955788247383e-160,Significant
2015,c_rice,596.0549141961475,9.75166347794644e-116,Significant
2015,c_tomatoes,596.5960856187868,7.490497712099714e-116,Significant
2015,cabbage,,,Not Significant
2015,carrots,,,Not Significant
2015,eggs,,,Not Significant
2015,garlic,,,Not Significant
2015,h_beans,928.7635232583729,1.5240134865147074e-186,Significant
2015,h_cabbage,730.403649399274,2.9898691908623957e-144,Significant
2015,h_carrots,774.5557010329139,1.1989829022660953e-153,Significant
2015,h_eggs,667.3912264061198,7.338599141698557e-131,Significant
2015,h_garlic,467.16230134251583,1.538844915560265e-88,Significant
2015,h_meat_beef_chops,977.463482089958,5.943455612145742e-197,Significant
2015,h_meat_chicken_whole,634.464159371754,7.101492814408262e-124,Significant
2015,h_meat_pork,826.636904248025,9.57088681006437e-165,Significant
2015,h_onions,194.7056609563648,3.311663148225272e-32,Significant
2015,h_potatoes,857.8856767541871,2.0698378141546529e-171,Significant
2015,h_rice,631.0381594273551,3.781958611976781e-123,Significant
2015,h_tomatoes,633.828658798412,9.684855797958282e-124,Significant
2015,l_beans,903.7151667109505,3.414406617198224e-181,Significant
2015,l_cabbage,814.5703903312206,3.5758922276875174e-162,Significant
2015,l_carrots,790.8739773325125,4.0093876882276056e-157,Significant
2015,l_eggs,621.1641538950136,4.68411519175933e-121,Significant
2015,l_garlic,432.7505710761543,2.579392754039806e-81,Significant
2015,l_meat_beef_chops,954.158443732965,5.7046384646364214e-192,Significant
2015,l_meat_chicken_whole,623.4325159087781,1.548435627625546e-121,Significant
2015,l_meat_pork,770.9803865288982,6.920736194949334e-153,Significant
2015,l_onions,239.9831689682759,2.304262706616078e-41,Significant
2015,l_potatoes,851.2315235240533,5.4395700286663516e-170,Significant
2015,l_rice,538.6576420368255,1.3308361873705647e-103,Significant
2015,l_tomatoes,673.714493297754,3.3354585989216176e-132,Significant
2015,meat_beef_chops,,,Not Significant
2015,meat_chicken_whole,,,Not Significant
2015,meat_pork,,,Not Significant
2015,o_beans,921.4100539879009,5.674655403204488e-185,Significant
2015,o_cabbage,784.2150623416472,1.0509285705739275e-155,Significant
2015,o_carrots,807.5053631778453,1.1461262834719377e-160,Significant
2015,o_eggs,604.9159341775102,1.2966872579139775e-117,Significant
2015,o_garlic,454.47574475916264,7.12469372241983e-86,Significant
2015,o_meat_beef_chops,966.4248273619539,1.3618709689555508e-194,Significant
2015,o_meat_chicken_whole,626.0804155000872,4.252742658276893e-122,Significant
2015,o_meat_pork,794.2710517849606,7.574218852799756e-158,Significant
2015,o_onions,224.7773653380584,2.8388628565797694e-38,Significant
2015,o_potatoes,863.7183918424246,1.178682994395017e-172,Significant
2015,o_rice,584.5128067403308,2.703606984526223e-113,Significant
2015,o_tomatoes,677.8312090634955,4.45661301411194e-133,Significant
2015,onions,,,Not Significant
2015,potatoes,,,Not Significant
2015,rice,,,Not Significant
2015,tomatoes,,,Not Significant
2016,beans,,,Not Significant
2016,c_beans,1006.3999823330952,3.8493700644030256e-203,Significant
2016,c_cabbage,876.6185039265351,2.0813703476192946e-175,Significant
2016,c_carrots,836.5208918077974,7.46951167365106e-167,Significant
2016,c_eggs,570.8277951542067,2.1218345127661897e-110,Significant
2016,c_garlic,535.9344045847993,5.000597688844261e-103,Significant
2016,c_meat_beef_chops,1031.1055768789083,1.992852050909291e-208,Significant
2016,c_meat_chicken_whole,660.6200494790984,2.008360644803262e-129,Significant
2016,c_meat_pork,864.426058203628,8.325121625772038e-173,Significant
2016,c_onions,217.01461282535533,1.0602724953961168e-36,Significant
2016,c_potatoes,873.9528087284205,7.714375779558862e-175,Significant
2016,c_rice,689.0778296113009,1.820846212965636e-135,Significant
2016,c_tomatoes,755.9123154621047,1.116924747371389e-149,Significant
2016,cabbage,,,Not Significant
2016,carrots,,,Not Significant
2016,eggs,,,Not Significant
2016,garlic,,,Not Significant
2016,h_beans,1022.0309335375099,1.7428993590452713e-206,Significant
2016,h_cabbage,874.8307700794167,5.010912690058499e-175,Significant
2016,h_carrots,821.7015694041261,1.0794174703011252e-163,Significant
2016,h_eggs,612.0664104675577,3.96531189346881e-119,Significant
2016,h_garlic,540.4620695612645,5.5354112256567853e-104,Significant
2016,h_meat_beef_chops,1031.4667244706206,1.6679816388223925e-208,Significant
2016,h_meat_chicken_whole,687.0487520075662,4.912525588938038e-135,Significant
2016,h_meat_pork,879.0053602121109,6.440007096062258e-176,Significant
2016,h_onions,213.79129249444543,4.754301640933642e-36,Significant
2016,h_potatoes,854.7305932741514,9.75171774156001e-171,Significant
2016,h_rice,689.3460777977558,1.5969374796731478e-135,Significant
2016,h_tomatoes,735.559312549625,2.393103200494609e-145,Significant
2016,l_beans,988.7663917336292,2.275176009758849e-199,Significant
2016,l_cabbage,880.2224187604143,3.5408035347351735e-176,Significant
2016,l_carrots,830.3070410088362,1.5790151231608645e-165,Significant
2016,l_eggs,679.8956216235546,1.6240481445366468e-133,Significant
2016,l_garlic,533.7907724329066,1.4174287403545847e-102,Significant
2016,l_meat_beef_chops,1025.573002637514,3.0434668086851527e-207,Significant
2016,l_meat_chicken_whole,691.1601552426971,6.575082156333962e-136,Significant
2016,l_meat_pork,889.0555756529502,4.607394111486235e-178,Significant
2016,l_onions,225.7191927028449,1.8286119033401142e-38,Significant
2016,l_potatoes,922.0478367862048,4.1466327049500565e-185,Significant
2016,l_rice,656.7068353472583,1.3592317308710886e-128,Significant
2016,l_tomatoes,750.6753525026363,1.4542279751231334e-148,Significant
2016,meat_beef_chops,,,Not Significant
2016,meat_chicken_whole,,,Not Significant
2016,meat_pork,,,Not Significant
2016,o_beans,1002.4229062508687,2.72979126362983e-202,Significant
2016,o_cabbage,878.3555301803395,8.863225944540162e-176,Significant
2016,o_carrots,825.4862565485683,1.6837833640908152e-164,Significant
2016,o_eggs,681.5501360226824,7.231339584814948e-134,Significant
2016,o_garlic,535.0325544925075,7.751600209187415e-103,Significant
2016,o_meat_beef_chops,1025.6644679233286,2.9093571799362787e-207,Significant
2016,o_meat_chicken_whole,694.6921616567463,1.1681263914798818e-136,Significant
2016,o_meat_pork,888.4454722218493,6.218802258069938e-178,Significant
2016,o_onions,203.84564444458437,4.821251639345255e-34,Significant
2016,o_potatoes,884.9317328752819,3.4980616396504395e-177,Significant
2016,o_rice,666.3916729623445,1.1961794499689696e-130,Significant
2016,o_tomatoes,736.1337830525766,1.806144980291053e-145,Significant
2016,onions,,,Not Significant
2016,potatoes,,,Not Significant
2016,rice,,,Not Significant
2016,tomatoes,,,Not Significant
2017,beans,,,Not Significant
2017,c_beans,983.9510146508268,2.436642498614878e-198,Significant
2017,c_cabbage,797.3287634489907,1.6898475811336205e-158,Significant
2017,c_carrots,802.4329379402044,1.3810910258783402e-159,Significant
2017,c_eggs,212.09027255257746,1.0488090483948098e-35,Significant
2017,c_garlic,538.9285355190827,1.166627685549379e-103,Significant
2017,c_meat_beef_chops,1019.1366638774299,7.253308808051483e-206,Significant
2017,c_meat_chicken_whole,698.1946096139375,2.1051150259278316e-137,Significant
2017,c_meat_pork,885.4517106290983,2.7090978400621284e-177,Significant
2017,c_onions,372.8195870338018,8.756099625244356e-69,Significant
2017,c_potatoes,1001.1017949981738,5.232608092467803e-202,Significant
2017,c_rice,856.0001761071672,5.226582392562356e-171,Significant
2017,c_tomatoes,753.4181528619008,3.7921746526514134e-149,Significant
2017,cabbage,,,Not Significant
2017,carrots,,,Not Significant
2017,eggs,,,Not Significant
2017,garlic,,,Not Significant
2017,h_beans,1001.2701235751783,4.81629021411716e-202,Significant
2017,h_cabbage,789.1191884629752,9.482199169877862e-157,Significant
2017,h_carrots,797.1491213920815,1.8455432640840242e-158,Significant
2017,h_eggs,175.54727069894793,2.22192935897156e-28,Significant
2017,h_garlic,546.7802976106806,2.5637711012209246e-105,Significant
2017,h_meat_beef_chops,1030.9844765252067,2.1153870605912007e-208,Significant
2017,h_meat_chicken_whole,731.0963667156722,2.1296568856240773e-144,Significant
2017,h_meat_pork,896.2765630953262,1.3235080059813741e-179,Significant
2017,h_onions,395.700267358796,1.4682549520748064e-73,Significant
2017,h_potatoes,993.3866907129689,2.3382107046772662e-200,Significant
2017,h_rice,871.461409140672,2.6243650732762583e-174,Significant
2017,h_tomatoes,783.5314825577628,1.4695269358232918e-155,Significant
2017,l_beans,980.8275788176852,1.1342336845665248e-197,Significant
2017,l_cabbage,872.304343621804,1.734303495784496e-174,Significant
2017,l_carrots,871.1457121903328,3.0647816538998767e-174,Significant
2017,l_eggs,210.85195016434886,1.8651394235681398e-35,Significant
2017,l_garlic,537.0414659872614,2.9195934121512763e-103,Significant
2017,l_meat_beef_chops,1017.6801397940635,1.4865076646974382e-205,Significant
2017,l_meat_chicken_whole,688.9227880602394,1.964306818907048e-135,Significant
2017,l_meat_pork,851.0537779605311,5.935850327399699e-170,Significant
2017,l_onions,489.4061442714218,3.2201001313580256e-93,Significant
2017,l_potatoes,1017.6402264416096,1.5160262842343914e-205,Significant
2017,l_rice,854.7017314457471,9.890964905264616e-171,Significant
2017,l_tomatoes,779.4462382914851,1.089667813423169e-154,Significant
2017,meat_beef_chops,,,Not Significant
2017,meat_chicken_whole,,,Not Significant
2017,meat_pork,,,Not Significant
2017,o_beans,990.3335621518956,1.0516136951444527e-199,Significant
2017,o_cabbage,848.0488405792545,2.59718709095149e-169,Significant
2017,o_carrots,850.5406485755916,7.637439365927586e-170,Significant
2017,o_eggs,186.18533904784528,1.6830025385201385e-30,Significant
2017,o_garlic,544.4641389005537,7.907725984096406e-105,Significant
2017,o_meat_beef_chops,1024.5758838821682,4.9742547828620114e-207,Significant
2017,o_meat_chicken_whole,708.309624243147,1.4912238881090326e-139,Significant
2017,o_meat_pork,865.5208687306346,4.8614804973634454e-173,Significant
2017,o_onions,453.4006617461284,1.1982243192951265e-85,Significant
2017,o_potatoes,1010.39820622161,5.3712464378542534e-204,Significant
2017,o_rice,859.4673986369597,9.516024455292918e-172,Significant
2017,o_tomatoes,799.4585410518627,5.943455292522761e-159,Significant
2017,onions,,,Not Significant
2017,potatoes,,,Not Significant
2017,rice,,,Not Significant
2017,tomatoes,,,Not Significant
2018,beans,,,Not Significant
2018,c_beans,1002.5070687338775,2.6189469276304816e-202,Significant
2018,c_cabbage,806.2451133241993,2.127245597649959e-160,Significant
2018,c_carrots,891.4880623495251,1.393564299028996e-178,Significant
2018,c_eggs,603.2546474257464,2.9150879981824742e-117,Significant
2018,c_garlic,455.9657241622871,3.466047016568798e-86,Significant
2018,c_meat_beef_chops,1040.805634445663,1.6732989986610293e-210,Significant
2018,c_meat_chicken_whole,615.8217068121755,6.348664594246993e-120,Significant
2018,c_meat_pork,819.8674512194837,2.6558441558355767e-163,Significant
2018,c_onions,340.7808036824978,4.059396984576791e-62,Significant
2018,c_potatoes,944.6093986973636,6.267364683678053e-190,Significant
2018,c_rice,480.8267986308863,2.0582016725356408e-91,Significant
2018,c_tomatoes,858.2710959051765,1.7127863102758116e-171,Significant
2018,cabbage,,,Not Significant
2018,carrots,,,Not Significant
2018,eggs,,,Not Significant
2018,garlic,,,Not Significant
2018,h_beans,1001.075941754133,5.2996625983925025e-202,Significant
2018,h_cabbage,779.0524400989092,1.3217963532852403e-154,Significant
2018,h_carrots,878.7855029186239,7.174883131224654e-176,Significant
2018,h_eggs,645.8967350844155,2.671667763745147e-126,Significant
2018,h_garlic,454.54913942599063,6.876261003893708e-86,Significant
2018,h_meat_beef_chops,1036.2744230975195,1.5607374006005188e-209,Significant
2018,h_meat_chicken_whole,607.9989749146536,2.8831319176729116e-118,Significant
2018,h_meat_pork,796.5238954105845,2.508078415457995e-158,Significant
2018,h_onions,217.18383347602307,9.799094852349261e-37,Significant
2018,h_potatoes,940.5783167001053,4.555367879261045e-189,Significant
2018,h_rice,431.0095513846297,5.977324203378581e-81,Significant
2018,h_tomatoes,844.9262525659976,1.2038653483495693e-168,Significant
2018,l_beans,999.8892757214155,9.50766628584592e-202,Significant
2018,l_cabbage,844.6415145055103,1.3845631708115833e-168,Significant
2018,l_carrots,856.3365673316835,4.4304527986333e-171,Significant
2018,l_eggs,614.2830332186327,1.344867619960242e-119,Significant
2018,l_garlic,446.4719698065797,3.413133950107757e-84,Significant
2018,l_meat_beef_chops,1042.693659783028,6.599117187490148e-211,Significant
2018,l_meat_chicken_whole,607.5935869574898,3.5134046909312896e-118,Significant
2018,l_meat_pork,817.6813825126076,7.766518628225784e-163,Significant
2018,l_onions,277.71956615415905,4.365362299103023e-49,Significant
2018,l_potatoes,941.9203161957998,2.3536722955907794e-189,Significant
2018,l_rice,490.07200053570637,2.3317961313440186e-93,Significant
2018,l_tomatoes,835.6767555794319,1.1306117992951271e-166,Significant
2018,meat_beef_chops,,,Not Significant
2018,meat_chicken_whole,,,Not Significant
2018,meat_pork,,,Not Significant
2018,o_beans,997.786624944081,2.6780327500758752e-201,Significant
2018,o_cabbage,808.4136954251624,7.339108251014152e-161,Significant
2018,o_carrots,880.6929908297732,2.8096696286188143e-176,Significant
2018,o_eggs,620.7983189046884,5.599574359821344e-121,Significant
2018,o_garlic,446.6324696771032,3.158395853566392e-84,Significant
2018,o_meat_beef_chops,1035.8649317109741,1.909698953090323e-209,Significant
2018,o_meat_chicken_whole,597.297137069541,5.322203601138494e-116,Significant
2018,o_meat_pork,800.9801739046376,2.8170760948543706e-159,Significant
2018,o_onions,207.36780716799348,9.409323623656164e-35,Significant
2018,o_potatoes,935.0598424684987,6.882078016161292e-188,Significant
2018,o_rice,440.53267692471263,6.0177692568223555e-83,Significant
2018,o_tomatoes,846.7043764231049,5.02683144686639e-169,Significant
2018,onions,,,Not Significant
2018,potatoes,,,Not Significant
2018,rice,,,Not Significant
2018,tomatoes,,,Not Significant
2019,beans,,,Not Significant
2019,c_beans,954.9312874684623,3.899768603743847e-192,Significant
2019,c_cabbage,937.5290363343653,2.042265964232541e-188,Significant
2019,c_carrots,887.946780823669,7.94642096340002e-178,Significant
2019,c_eggs,697.6295144209487,2.77558817685118e-137,Significant
2019,c_garlic,455.60238095551694,4.131887670965614e-86,Significant
2019,c_meat_beef_chops,1026.6161570553654,1.8203517070090493e-207,Significant
2019,c_meat_chicken_whole,796.561049684924,2.462774829952289e-158,Significant
2019,c_meat_pork,896.1407503881387,1.4148990030918581e-179,Significant
2019,c_onions,521.5394348741745,5.451409284570925e-100,Significant
2019,c_potatoes,1031.0483837144693,2.0498122054715957e-208,Significant
2019,c_rice,553.4744229868637,9.879992682113674e-107,Significant
2019,c_tomatoes,862.750713960203,1.8961944333810985e-172,Significant
2019,cabbage,,,Not Significant
2019,carrots,,,Not Significant
2019,eggs,,,Not Significant
2019,garlic,,,Not Significant
2019,h_beans,981.8332962334296,6.912657704466842e-198,Significant
2019,h_cabbage,950.3220153193497,3.768799613941791e-191,Significant
2019,h_carrots,933.0096966040485,1.886988418468115e-187,Significant
2019,h_eggs,687.4331375058347,4.0705491191012905e-135,Significant
2019,h_garlic,464.70569982874014,5.052905206552041e-88,Significant
2019,h_meat_beef_chops,1036.8193486590767,1.1931904569771947e-209,Significant
2019,h_meat_chicken_whole,826.3594860824953,1.0967361341058696e-164,Significant
2019,h_meat_pork,884.9814619192944,3.413591506224467e-177,Significant
2019,h_onions,527.6947792763946,2.741329789233332e-101,Significant
2019,h_potatoes,1059.1003745527921,2.0303369043086527e-214,Significant
2019,h_rice,525.6320980155497,7.467227799670972e-101,Significant
2019,h_tomatoes,886.8082163312863,1.3907146410171817e-177,Significant
2019,l_beans,952.2528060857152,1.457250218034484e-191,Significant
2019,l_cabbage,946.9868708121287,1.9453316625864575e-190,Significant
2019,l_carrots,905.8463568046661,1.1972595404575202e-181,Significant
2019,l_eggs,675.477767474968,1.4084892721132767e-132,Significant
2019,l_garlic,445.446109438121,5.603479821514325e-84,Significant
2019,l_meat_beef_chops,1035.8523133563,1.9216104442472622e-209,Significant
2019,l_meat_chicken_whole,794.4579695823637,6.91056642711772e-158,Significant
2019,l_meat_pork,881.969383304267,1.5003638216648177e-176,Significant
2019,l_onions,598.133734358269,3.539729966242821e-116,Significant
2019,l_potatoes,1038.149553730947,6.194802806564306e-210,Significant
2019,l_rice,513.1894289781887,3.142868885794295e-98,Significant
2019,l_tomatoes,890.9984401619663,1.772808282760559e-178,Significant
2019,meat_beef_chops,,,Not Significant
2019,meat_chicken_whole,,,Not Significant
2019,meat_pork,,,Not Significant
2019,o_beans,967.7652920331024,7.03984414358971e-195,Significant
2019,o_cabbage,958.015260652436,8.547569456292053e-193,Significant
2019,o_carrots,943.0835102728962,1.3279229703033006e-189,Significant
2019,o_eggs,661.935409325071,1.0560244978267159e-129,Significant
2019,o_garlic,451.8070940701856,2.5891702016953276e-85,Significant
2019,o_meat_beef_chops,1037.6813048647266,7.802608721825341e-210,Significant
2019,o_meat_chicken_whole,803.6822324512129,7.48162271588814e-160,Significant
2019,o_meat_pork,875.2869779790159,4.004485720465268e-175,Significant
2019,o_onions,565.2613473835048,3.1889388998137965e-109,Significant
2019,o_potatoes,1052.6465298579637,4.888004482762621e-213,Significant
2019,o_rice,492.4324316876133,7.425316726841824e-94,Significant
2019,o_tomatoes,907.7297576127984,4.74201742747207e-182,Significant
2019,onions,,,Not Significant
2019,potatoes,,,Not Significant
2019,rice,,,Not Significant
2019,tomatoes,,,Not Significant
2020,beans,,,Not Significant
2020,c_beans,769.88162269672,1.1860765942675756e-152,Significant
2020,c_cabbage,686.586801118437,6.157889389787008e-135,Significant
2020,c_carrots,720.5613721127391,3.7051820463576755e-142,Significant
2020,c_eggs,363.2119627046973,8.790563903716071e-67,Significant
2020,c_garlic,364.97380852744215,3.776671414167286e-67,Significant
2020,c_meat_beef_chops,828.1541709803992,4.544020589332537e-165,Significant
2020,c_meat_chicken_whole,467.2720788886205,1.4592137844608835e-88,Significant
2020,c_meat_pork,639.3098237424222,6.665457320699865e-125,Significant
2020,c_onions,227.92042082921984,6.538060448029816e-39,Significant
2020,c_potatoes,754.456636293775,2.2796016659341557e-149,Significant
2020,c_rice,378.2606826846235,6.422832002321904e-70,Significant
2020,c_tomatoes,353.8271123181801,7.891033850879086e-65,Significant
2020,cabbage,,,Not Significant
2020,carrots,,,Not Significant
2020,eggs,,,Not Significant
2020,garlic,,,Not Significant
2020,h_beans,793.0357517750562,1.3884269496502454e-157,Significant
2020,h_cabbage,693.2214466197163,2.3986600317612643e-136,Significant
2020,h_carrots,744.693505873965,2.7263731939652807e-147,Significant
2020,h_eggs,343.82560250036124,9.464337338585182e-63,Significant
2020,h_garlic,381.59632213891496,1.2937311124310259e-70,Significant
2020,h_meat_beef_chops,853.5654229815739,1.728470268671068e-170,Significant
2020,h_meat_chicken_whole,484.95046793211026,2.7908856051780188e-92,Significant
2020,h_meat_pork,669.2277604978304,2.990463689327413e-131,Significant
2020,h_onions,241.93830979754702,9.208265980594445e-42,Significant
2020,h_potatoes,763.2290172944424,3.093957681137581e-151,Significant
2020,h_rice,413.75239863018857,2.462630268657085e-77,Significant
2020,h_tomatoes,376.11328404005235,1.8012978318885474e-69,Significant
2020,l_beans,785.5119242638066,5.56328516911457e-156,Significant
2020,l_cabbage,823.5584247168395,4.3382297908852525e-164,Significant
2020,l_carrots,814.2720528628134,4.139781067234168e-162,Significant
2020,l_eggs,314.09131553242605,1.3805315989030977e-56,Significant
2020,l_garlic,369.03224692001334,5.3907334565525825e-68,Significant
2020,l_meat_beef_chops,843.5724529765669,2.3406753624454172e-168,Significant
2020,l_meat_chicken_whole,519.5043956325652,1.4646285000146311e-99,Significant
2020,l_meat_pork,674.5627788926745,2.2031240230373633e-132,Significant
2020,l_onions,301.67836588988973,5.070262218987837e-54,Significant
2020,l_potatoes,840.3992229883735,1.1121241195125869e-167,Significant
2020,l_rice,395.11102543197995,1.9495079740143196e-73,Significant
2020,l_tomatoes,468.61897145315385,7.602897919114593e-89,Significant
2020,meat_beef_chops,,,Not Significant
2020,meat_chicken_whole,,,Not Significant
2020,meat_pork,,,Not Significant
2020,o_beans,792.5566976589691,1.756245206658007e-157,Significant
2020,o_cabbage,762.8438304413266,3.7369452854337645e-151,Significant
2020,o_carrots,794.4221521841442,7.033068032568833e-158,Significant
2020,o_eggs,303.6631275301772,1.9735936315762113e-54,Significant
2020,o_garlic,374.33140215337045,4.237728015052058e-69,Significant
2020,o_meat_beef_chops,851.9089085372656,3.899932418643197e-170,Significant
2020,o_meat_chicken_whole,500.7638897627055,1.3061242297895476e-95,Significant
2020,o_meat_pork,677.040141820207,6.561314283504933e-133,Significant
2020,o_onions,278.50223865815565,3.014137949946001e-49,Significant
2020,o_potatoes,809.1995976585695,4.990497324309786e-161,Significant
2020,o_rice,409.4268751427556,1.979767652657516e-76,Significant
2020,o_tomatoes,423.679990261178,2.053534639802123e-79,Significant
2020,onions,,,Not Significant
2020,potatoes,,,Not Significant
2020,rice,,,Not Significant
2020,tomatoes,,,Not Significant
2021,beans,,,Not Significant
2021,c_beans,658.5811666891359,5.439289755177832e-129,Significant
2021,c_cabbage,533.8661111039879,1.3664683539925306e-102,Significant
2021,c_carrots,638.1747748659047,1.1602004824130798e-124,Significant
2021,c_eggs,529.4510764545172,1.1677965056123555e-101,Significant
2021,c_garlic,349.78270758457523,5.471911898178299e-64,Significant
2021,c_meat_beef_chops,771.6375676652053,5.014356140171328e-153,Significant
2021,c_meat_chicken_whole,463.6190994539423,8.548737201418265e-88,Significant
2021,c_meat_pork,648.338540537851,8.105935035600045e-127,Significant
2021,c_onions,335.67393376128797,4.661475592732465e-61,Significant
2021,c_potatoes,852.1129097685694,3.5280669019744885e-170,Significant
2021,c_rice,505.53624926100855,1.2895820986368703e-96,Significant
2021,c_tomatoes,480.066401455259,2.9749035246473144e-91,Significant
2021,cabbage,,,Not Significant
2021,carrots,,,Not Significant
2021,eggs,,,Not Significant
2021,garlic,,,Not Significant
2021,h_beans,655.4391691122972,2.5251643533078113e-128,Significant
2021,h_cabbage,502.49018326320214,5.6531207548596156e-96,Significant
2021,h_carrots,605.5099150244625,9.705992284584777e-118,Significant
2021,h_eggs,530.8193884969927,6.006433413962975e-102,Significant
2021,h_garlic,349.92393833662317,5.114207668396371e-64,Significant
2021,h_meat_beef_chops,770.6851240730166,7.998772668206395e-153,Significant
2021,h_meat_chicken_whole,418.4650080397026,2.539666502611033e-78,Significant
2021,h_meat_pork,640.6740644015244,3.4238128931706353e-125,Significant
2021,h_onions,318.8447956443455,1.4336614995001225e-57,Significant
2021,h_potatoes,781.1817382710576,4.652224186434318e-155,Significant
2021,h_rice,487.71428313047136,7.311727730049868e-93,Significant
2021,h_tomatoes,417.6995506537684,3.673325290634999e-78,Significant
2021,l_beans,685.2048741444736,1.2105156494337227e-134,Significant
2021,l_cabbage,592.7387080452218,4.909911155602769e-115,Significant
2021,l_carrots,685.0482620109419,1.3068807137736295e-134,Significant
2021,l_eggs,503.0018008039574,4.410553889585927e-96,Significant
2021,l_garlic,339.0124423989806,9.45394697078268e-62,Significant
2021,l_meat_beef_chops,753.9235494945243,2.9602008863446814e-149,Significant
2021,l_meat_chicken_whole,480.8301443043692,2.0548682917265277e-91,Significant
2021,l_meat_pork,626.8123633748719,2.975240247438104e-122,Significant
2021,l_onions,404.586108703904,2.038114368902437e-75,Significant
2021,l_potatoes,857.7347915229128,2.229097435458956e-171,Significant
2021,l_rice,479.9230907475895,3.188776357479386e-91,Significant
2021,l_tomatoes,509.01576256378286,2.383055909648348e-97,Significant
2021,meat_beef_chops,,,Not Significant
2021,meat_chicken_whole,,,Not Significant
2021,meat_pork,,,Not Significant
2021,o_beans,671.0540998960113,1.224627302799669e-131,Significant
2021,o_cabbage,522.7287681710137,3.0594171334065927e-100,Significant
2021,o_carrots,637.100083053876,1.9607721585379666e-124,Significant
2021,o_eggs,505.0461902544835,1.6357529694592424e-96,Significant
2021,o_garlic,339.0898965073447,9.110322910307246e-62,Significant
2021,o_meat_beef_chops,755.7025293848062,1.2378747950221424e-149,Significant
2021,o_meat_chicken_whole,439.1299192937089,1.184951744865898e-82,Significant
2021,o_meat_pork,622.8800230724397,2.027622163617046e-121,Significant
2021,o_onions,350.0435723395346,4.8295537308787915e-64,Significant
2021,o_potatoes,803.1864568754819,9.54217214939777e-160,Significant
2021,o_rice,470.62131948416135,2.8840463745481797e-89,Significant
2021,o_tomatoes,449.70705926754476,7.146136460295177e-85,Significant
2021,onions,,,Not Significant
2021,potatoes,,,Not Significant
2021,rice,,,Not Significant
2021,tomatoes,,,Not Significant
2022,beans,,,Not Significant
2022,c_beans,586.8983544195958,8.455684265147274e-114,Significant
2022,c_cabbage,716.5885870527723,2.591382899740662e-141,Significant
2022,c_carrots,665.1049315062518,2.2435330399388617e-130,Significant
2022,c_eggs,459.6272364656717,5.897694341410824e-87,Significant
2022,c_garlic,471.441884508644,1.938511570909556e-89,Significant
2022,c_meat_beef_chops,620.5883002891295,6.203852740573064e-121,Significant
2022,c_meat_chicken_whole,208.07640716738172,6.771522773049943e-35,Significant
2022,c_meat_pork,451.666156959243,2.7717438978077315e-85,Significant
2022,c_onions,94.72424217226877,8.36312137189765e-13,Significant
2022,c_potatoes,688.8156585814412,2.0699847438755472e-135,Significant
2022,c_rice,619.810942386922,9.06553463020571e-121,Significant
2022,c_tomatoes,488.64068383279357,4.666699844000463e-93,Significant
2022,cabbage,,,Not Significant
2022,carrots,,,Not Significant
2022,eggs,,,Not Significant
2022,garlic,,,Not Significant
2022,h_beans,595.8662647289011,1.0690939761034756e-115,Significant
2022,h_cabbage,747.9553737864551,5.514128346494802e-148,Significant
2022,h_carrots,659.190236980543,4.039112165051673e-129,Significant
2022,h_eggs,470.3706992502272,3.2560889212732735e-89,Significant
2022,h_garlic,445.47182783918197,5.5342697136425e-84,Significant
2022,h_meat_beef_chops,621.0549406645144,4.940513178068771e-121,Significant
2022,h_meat_chicken_whole,179.183535465103,4.1985963734299334e-29,Significant
2022,h_meat_pork,443.96156024943275,1.1481541323272046e-83,Significant
2022,h_onions,88.34167042012497,1.2209996517568504e-11,Significant
2022,h_potatoes,722.9980929969227,1.1236930854783275e-142,Significant
2022,h_rice,615.216596656966,8.528818064014189e-120,Significant
2022,h_tomatoes,455.4351328935443,4.479973299163975e-86,Significant
2022,l_beans,576.081961760725,1.642560444323948e-111,Significant
2022,l_cabbage,821.9370817157618,9.615673848973789e-164,Significant
2022,l_carrots,713.6807287437041,1.0758661261882113e-140,Significant
2022,l_eggs,476.53953350665876,1.6421297762175324e-90,Significant
2022,l_garlic,470.81053450435775,2.6315906488063264e-89,Significant
2022,l_meat_beef_chops,632.8441684145356,1.5661221308821895e-123,Significant
2022,l_meat_chicken_whole,235.58075722091013,1.814377429087787e-40,Significant
2022,l_meat_pork,440.55980168604515,5.939434256104689e-83,Significant
2022,l_onions,130.28563925022675,1.651262944029889e-19,Significant
2022,l_potatoes,783.5693618888093,1.4424780555783173e-155,Significant
2022,l_rice,582.668959281761,6.638573582953381e-113,Significant
2022,l_tomatoes,562.0256233673346,1.540435787628729e-108,Significant
2022,meat_beef_chops,,,Not Significant
2022,meat_chicken_whole,,,Not Significant
2022,meat_pork,,,Not Significant
2022,o_beans,582.8656887348782,6.031859708638682e-113,Significant
2022,o_cabbage,797.8870792918243,1.284946363036699e-158,Significant
2022,o_carrots,682.0108521909511,5.772580831515375e-134,Significant
2022,o_eggs,478.55060353628926,6.199652911723666e-91,Significant
2022,o_garlic,448.07619564118,1.5719152656448715e-84,Significant
2022,o_meat_beef_chops,624.5706805618635,8.885165793967634e-122,Significant
2022,o_meat_chicken_whole,200.90368800758054,1.884257523620616e-33,Significant
2022,o_meat_pork,435.4724755857813,6.930903715649026e-82,Significant
2022,o_onions,107.87150604860736,3.0301747069348163e-15,Significant
2022,o_potatoes,766.4177640024541,6.480834902927673e-152,Significant
2022,o_rice,582.538511437235,7.074152360683253e-113,Significant
2022,o_tomatoes,503.1682865574612,4.068316551902631e-96,Significant
2022,onions,,,Not Significant
2022,potatoes,,,Not Significant
2022,rice,,,Not Significant
2022,tomatoes,,,Not Significant
2023,beans,,,Not Significant
2023,c_beans,639.8715188629728,5.066532355655813e-125,Significant
2023,c_cabbage,686.0923051770143,7.842788417131156e-135,Significant
2023,c_carrots,481.48024150917155,1.49968252875793e-91,Significant
2023,c_eggs,564.2824389103044,5.135564629522736e-109,Significant
2023,c_garlic,295.03425476871814,1.1905495622761024e-52,Significant
2023,c_meat_beef_chops,568.2243949608594,7.536968636097233e-110,Significant
2023,c_meat_chicken_whole,546.6663704045122,2.7098298146903038e-105,Significant
2023,c_meat_pork,445.76975746286877,4.79218290399838e-84,Significant
2023,c_onions,265.5289680356239,1.3870346464084348e-46,Significant
2023,c_potatoes,515.3206495740213,1.1168189730883071e-98,Significant
2023,c_rice,293.4455552277737,2.530850583492921e-52,Significant
2023,c_tomatoes,398.55523060309247,3.716628104745843e-74,Significant
2023,cabbage,,,Not Significant
2023,carrots,,,Not Significant
2023,eggs,,,Not Significant
2023,garlic,,,Not Significant
2023,h_beans,646.0278774845301,2.5059040121280607e-126,Significant
2023,h_cabbage,654.6139979495019,3.7790510270537585e-128,Significant
2023,h_carrots,479.79259384025056,3.3968712588082327e-91,Significant
2023,h_eggs,538.6614794711534,1.328355840931163e-103,Significant
2023,h_garlic,290.9719416631892,8.185169362540622e-52,Significant
2023,h_meat_beef_chops,574.2950820907382,3.921519403298434e-111,Significant
2023,h_meat_chicken_whole,519.2981533165856,1.6189154019323597e-99,Significant
2023,h_meat_pork,461.9612308250674,1.9067194071615507e-87,Significant
2023,h_onions,223.01622380703813,6.45938199355793e-38,Significant
2023,h_potatoes,488.25118889647416,5.636391411139868e-93,Significant
2023,h_rice,305.94805182494355,6.658000875573661e-55,Significant
2023,h_tomatoes,355.50421980019934,3.5340072589908663e-65,Significant
2023,l_beans,653.3899969953038,6.872173207099146e-128,Significant
2023,l_cabbage,726.6510492108083,1.878399678029775e-143,Significant
2023,l_carrots,551.2685973342907,2.8892582019246023e-106,Significant
2023,l_eggs,564.3524730996677,4.963445305883343e-109,Significant
2023,l_garlic,317.838756460192,2.3156803280667442e-57,Significant
2023,l_meat_beef_chops,576.2478861502424,1.5150467393046856e-111,Significant
2023,l_meat_chicken_whole,567.6060493465275,1.0184390420284725e-109,Significant
2023,l_meat_pork,468.754031137362,7.121735484070901e-89,Significant
2023,l_onions,258.27037509816125,4.2531435828265064e-45,Significant
2023,l_potatoes,576.678855066187,1.2281992435382265e-111,Significant
2023,l_rice,348.23991234601056,1.1450898231264709e-63,Significant
2023,l_tomatoes,461.56580050139615,2.3087476098359265e-87,Significant
2023,meat_beef_chops,,,Not Significant
2023,meat_chicken_whole,,,Not Significant
2023,meat_pork,,,Not Significant
2023,o_beans,647.8126567791375,1.0480030493809365e-126,Significant
2023,o_cabbage,668.0686123833423,5.270052231113261e-131,Significant
2023,o_carrots,516.2622229850018,7.070419355246153e-99,Significant
2023,o_eggs,543.7202818257597,1.1353812688436709e-104,Significant
2023,o_garlic,308.69137070164305,1.805176060288632e-55,Significant
2023,o_meat_beef_chops,575.2927080202783,2.4124364900383683e-111,Significant
2023,o_meat_chicken_whole,534.0233769930726,1.2659175503778808e-102,Significant
2023,o_meat_pork,464.6188319938011,5.269847111553021e-88,Significant
2023,o_onions,229.52584913315116,3.086651136312602e-39,Significant
2023,o_potatoes,525.5868714131313,7.633101748470228e-101,Significant
2023,o_rice,333.61897892926027,1.2441513310070678e-60,Significant
2023,o_tomatoes,400.5638925937123,1.413396736687199e-74,Significant
2023,onions,,,Not Significant
2023,potatoes,,,Not Significant
2023,rice,,,Not Significant
2023,tomatoes,,,Not Significant
2024,beans,,,Not Significant
2024,c_beans,562.5805523702841,1.1758316118674931e-108,Significant
2024,c_cabbage,775.2587415599967,8.493702998306699e-154,Significant
2024,c_carrots,587.3820642591324,6.680156046000037e-114,Significant
2024,c_eggs,482.75857177840834,8.07259596746504e-92,Significant
2024,c_garlic,276.02080433649616,9.751400769063861e-49,Significant
2024,c_meat_beef_chops,518.0051764022621,3.0332095853219574e-99,Significant
2024,c_meat_chicken_whole,455.87762098589707,3.616922562217412e-86,Significant
2024,c_meat_pork,272.2849506549477,5.7049006923246e-48,Significant
2024,c_onions,540.6053834962217,5.162855863653673e-104,Significant
2024,c_potatoes,741.5340256468143,1.2818786770939737e-146,Significant
2024,c_rice,470.5006297420227,3.057580556891011e-89,Significant
2024,c_tomatoes,462.24907670575027,1.6588295932776232e-87,Significant
2024,cabbage,,,Not Significant
2024,carrots,,,Not Significant
2024,eggs,,,Not Significant
2024,garlic,,,Not Significant
2024,h_beans,561.6953874172259,1.8090306958197585e-108,Significant
2024,h_cabbage,742.5760462909064,7.693720324124522e-147,Significant
2024,h_carrots,541.9456559355149,2.690843402049409e-104,Significant
2024,h_eggs,476.08070329991614,2.0507702038317306e-90,Significant
2024,h_garlic,279.38055268326644,1.988928953488625e-49,Significant
2024,h_meat_beef_chops,509.4688577102981,1.912635978132226e-97,Significant
2024,h_meat_chicken_whole,432.4631359226179,2.9633252109578464e-81,Significant
2024,h_meat_pork,280.37073279576276,1.2446364545145141e-49,Significant
2024,h_onions,432.05949552583627,3.6008216244010283e-81,Significant
2024,h_potatoes,673.4341197397024,3.8254822071905497e-132,Significant
2024,h_rice,448.33220355639247,1.388959819210257e-84,Significant
2024,h_tomatoes,391.3364059838442,1.198036473414252e-72,Significant
2024,l_beans,560.763064304454,2.8477775572599865e-108,Significant
2024,l_cabbage,812.4457273051252,1.0145264679791708e-161,Significant
2024,l_carrots,648.5225387441841,7.409173754410215e-127,Significant
2024,l_eggs,524.5933835174992,1.2367884742499524e-100,Significant
2024,l_garlic,279.5764638579683,1.8127752679832563e-49,Significant
2024,l_meat_beef_chops,511.89590733101323,5.888753284582847e-98,Significant
2024,l_meat_chicken_whole,489.05794401578,3.8121637463282e-93,Significant
2024,l_meat_pork,273.8186230139135,2.762936604009363e-48,Significant
2024,l_onions,501.99244770801727,7.197063207283312e-96,Significant
2024,l_potatoes,761.2957206050413,7.981513723435259e-151,Significant
2024,l_rice,449.009817799609,1.001023816153352e-84,Significant
2024,l_tomatoes,530.6041507275908,6.668666972637635e-102,Significant
2024,meat_beef_chops,,,Not Significant
2024,meat_chicken_whole,,,Not Significant
2024,meat_pork,,,Not Significant
2024,o_beans,554.8715625913036,5.0067189944013856e-107,Significant
2024,o_cabbage,767.1461216883957,4.534776590585e-152,Significant
2024,o_carrots,577.4730440345664,8.34218303753124e-112,Significant
2024,o_eggs,498.2832843159969,4.3504299195916165e-95,Significant
2024,o_garlic,276.04410860035205,9.644494459487178e-49,Significant
2024,o_meat_beef_chops,505.9828125755119,1.038349008019227e-96,Significant
2024,o_meat_chicken_whole,459.1800865919415,7.321893885127564e-87,Significant
2024,o_meat_pork,275.09880946023327,1.5082025854926743e-48,Significant
2024,o_onions,429.5949616083415,1.1831076831021824e-80,Significant
2024,o_potatoes,699.2141674007721,1.2782647363422878e-137,Significant
2024,o_rice,429.75378873370386,1.0958059764634998e-80,Significant
2024,o_tomatoes,443.5714396130955,1.3863203231914478e-83,Significant
2024,onions,,,Not Significant
2024,potatoes,,,Not Significant
2024,rice,,,Not Significant
2024,tomatoes,,,Not Significant
2025,beans,,,Not Significant
2025,c_beans,63.285836544247026,2.9852354653862756e-07,Significant
2025,c_cabbage,92.76193176853724,1.9139475248308514e-12,Significant
2025,c_carrots,69.86956431947254,2.2711942084263572e-08,Significant
2025,c_eggs,60.531266257847484,8.585588785754608e-07,Significant
2025,c_garlic,40.40148419395002,0.0011356114982443914,Significant
2025,c_meat_beef_chops,68.10622565337488,4.557544333841694e-08,Significant
2025,c_meat_chicken_whole,61.586769927320404,5.736799493929607e-07,Significant
2025,c_meat_pork,44.75721474244409,0.00026461479653553765,Significant
2025,c_onions,101.51240872723513,4.662565664507728e-14,Significant
2025,c_potatoes,90.63230112395246,4.683642181576097e-12,Significant
2025,c_rice,67.20908536952682,6.484157629416868e-08,Significant
2025,c_tomatoes,70.02733230072675,2.1335171112221407e-08,Significant
2025,cabbage,,,Not Significant
2025,carrots,,,Not Significant
2025,eggs,,,Not Significant
2025,garlic,,,Not Significant
2025,h_beans,65.49117873674726,1.2692717238681276e-07,Significant
2025,h_cabbage,91.87920171571551,2.7747794300078052e-12,Significant
2025,h_carrots,65.3273533718226,1.3529006034521034e-07,Significant
2025,h_eggs,55.79172614301867,5.10997872329549e-06,Significant
2025,h_garlic,42.19224889225438,0.0006291164151942166,Significant
2025,h_meat_beef_chops,66.45601016720292,8.709110887458174e-08,Significant
2025,h_meat_chicken_whole,59.884768519652354,1.0979292445640173e-06,Significant
2025,h_meat_pork,45.57127725485526,0.00020009837343138774,Significant
2025,h_onions,100.90114619325624,6.055077732930068e-14,Significant
2025,h_potatoes,88.6791343341279,1.0605645751880579e-11,Significant
2025,h_rice,69.70598660354356,2.423238887780261e-08,Significant
2025,h_tomatoes,59.5624170100998,1.2407927621381213e-06,Significant
2025,l_beans,64.57264539305685,1.8141809127602668e-07,Significant
2025,l_cabbage,93.65427062234397,1.3139881160320084e-12,Significant
2025,l_carrots,71.07648634801778,1.4063968819107197e-08,Significant
2025,l_eggs,60.54569708119108,8.538511137034141e-07,Significant
2025,l_garlic,38.46593344727522,0.002119842985205116,Significant
2025,l_meat_beef_chops,67.5403010326775,5.693559695717946e-08,Significant
2025,l_meat_chicken_whole,64.06494268014268,2.2088407268350016e-07,Significant
2025,l_meat_pork,43.21155134626701,0.000447143458583385,Significant
2025,l_onions,100.69794583159302,6.604247004793278e-14,Significant
2025,l_potatoes,89.39259594393694,7.871329055761685e-12,Significant
2025,l_rice,74.5238834972664,3.5387826233735773e-09,Significant
2025,l_tomatoes,68.88448151237134,3.353320726788882e-08,Significant
2025,meat_beef_chops,,,Not Significant
2025,meat_chicken_whole,,,Not Significant
2025,meat_pork,,,Not Significant
2025,o_beans,64.45371220460527,1.8998641340430921e-07,Significant
2025,o_cabbage,94.55125131890229,8.997468315349547e-13,Significant
2025,o_carrots,69.28397275507365,2.8636675804720974e-08,Significant
2025,o_eggs,59.61760591776854,1.2150944383058784e-06,Significant
2025,o_garlic,40.99858505771699,0.000933880358048438,Significant
2025,o_meat_beef_chops,66.66967115453355,8.010556259626906e-08,Significant
2025,o_meat_chicken_whole,62.91911394415979,3.438714372874636e-07,Significant
2025,o_meat_pork,44.6739629041002,0.0002722537450658249,Significant
2025,o_onions,101.77902934985497,4.159924368768599e-14,Significant
2025,o_potatoes,89.62648448494294,7.13765916420279e-12,Significant
2025,o_rice,73.42474744532703,5.503630625833817e-09,Significant
2025,o_tomatoes,66.4829582725736,8.617787217594708e-08,Significant
2025,onions,,,Not Significant
2025,potatoes,,,Not Significant
2025,rice,,,Not Significant
2025,tomatoes,,,Not Significant
